year,brand,title,youtube_url,funny,show_product_quickly,patriotic,celebrity,danger,animals,use_sex,view_count,like_count,dislike_count,comment_count
2018,Toyota,Toyota Super Bowl Commercial 2018 Good Odds,https://www.youtube.com/watch?v=zeBZvwYQ-hA,FALSE,FALSE,FALSE,FALSE,FALSE,FALSE,FALSE,173929,1233,38,NA
2020,Bud Light,Bud Light: Post Malone #PostyStore Inside Post's Brain,https://www.youtube.com/watch?v=nbbp0VW7z8w,TRUE,TRUE,FALSE,TRUE,TRUE,FALSE,FALSE,47752,485,14,14
2006,Bud Light,"Super Bowl 2006: Bud Light ""Save Yourself""",https://www.youtube.com/watch?v=yk0MQD5YgV8,TRUE,FALSE,FALSE,FALSE,TRUE,TRUE,FALSE,142310,129,15,9
2018,Hynudai,Hyundai / Hope Detector (2018),https://www.youtube.com/watch?v=lNPccrGk77A,FALSE,TRUE,FALSE,FALSE,FALSE,FALSE,FALSE,198,2,0,0
2003,Bud Light,bud light pick up,https://www.youtube.com/watch?v=ovQYgnXHooY,TRUE,TRUE,FALSE,FALSE,TRUE,TRUE,TRUE,13741,20,3,2
2020,Toyota,Toyota Super Bowl Commercial 2020 Cobie Smulders Heroes,https://www.youtube.com/watch?v=f34Ji70u3nk,TRUE,TRUE,FALSE,TRUE,TRUE,TRUE,FALSE,23636,115,11,13
2020,Coca-Cola,Coca-Cola Energy - Show Up ft. Jonah Hill & Martin Scorsese,https://www.youtube.com/watch?v=-gAZRN3SCBw,TRUE,FALSE,FALSE,TRUE,FALSE,TRUE,FALSE,304254,1470,384,227
2020,Kia,"Kia Seltos Super Bowl 2020 TV Commercial, 'Tough Never Quits'",https://www.youtube.com/watch?v=lMs79UXam9A,FALSE,FALSE,FALSE,TRUE,FALSE,FALSE,FALSE,17892,78,6,6
2020,Hynudai,Hyundai: Super Bowl Commercial - Smaht Pahk,https://www.youtube.com/watch?v=WBvkmWDjsYc,TRUE,TRUE,FALSE,TRUE,FALSE,TRUE,FALSE,38385,342,7,30
2020,Budweiser,Budweiser - Typical American,https://www.youtube.com/watch?v=J0xugdotpp8,FALSE,TRUE,TRUE,TRUE,TRUE,FALSE,FALSE,782,7,0,0
2010,Hynudai,[HD] 2010 Super Bowl Commercial | New Hyundai Super Bowl 44 XLIV Ad | Hyundai Body Pass 2011 Sonata,https://www.youtube.com/watch?v=dWQqIeAYfK8,FALSE,TRUE,TRUE,FALSE,FALSE,FALSE,FALSE,68458,46,14,8
2010,Bud Light,[HD] Exclusive Bud Light Scientist 2010 SuperBowl 44 XLIV Commercial Ad,https://www.youtube.com/watch?v=agISXMN4tng,TRUE,FALSE,FALSE,FALSE,TRUE,FALSE,TRUE,3805,9,0,1
2007,Budweiser,"2007 Super Bowl Commercials - Budweiser, King Crab",https://www.youtube.com/watch?v=7KHlMJE84eA,TRUE,TRUE,FALSE,FALSE,FALSE,TRUE,TRUE,184689,133,24,13
2002,Budweiser,"Budweiser - Respect (2002, USA)",https://www.youtube.com/watch?v=1MZUvib98Rs,FALSE,TRUE,TRUE,FALSE,FALSE,TRUE,FALSE,121400,642,10,50
2020,NFL,NEXT 100  || NFL Super Bowl LIV Commercial,https://www.youtube.com/watch?v=lbkafMhmvMo,FALSE,FALSE,TRUE,TRUE,FALSE,FALSE,FALSE,26727063,175429,7445,8441
2017,NFL,Super Bowl Baby Legends | Who’s Next? | Football is Family,https://www.youtube.com/watch?v=9csH_Hy-7A4,FALSE,TRUE,FALSE,FALSE,FALSE,FALSE,FALSE,865781,2315,130,162
2005,Bud Light,Bud Light Cockato ad,https://www.youtube.com/watch?v=-gTWA5AsTP8,TRUE,TRUE,FALSE,FALSE,TRUE,TRUE,TRUE,8990,29,0,3
2009,Pepsi,Pepsi Max - I'm Good Super Bowl XLIII Commercial 2009,https://www.youtube.com/watch?v=qUZaSf7T7ig,TRUE,FALSE,FALSE,FALSE,TRUE,FALSE,FALSE,129399,345,12,42
2004,Bud Light,Frank the Monkey Bud Light,https://www.youtube.com/watch?v=mjN3OY9Eefk,TRUE,TRUE,FALSE,FALSE,FALSE,TRUE,TRUE,3739,115,1,59
2020,Doritos,"Doritos Super Bowl Commercial 2020 Lil Nas X, Sam Elliott The Cool Ranch",https://www.youtube.com/watch?v=6xVnq31Vk8Y,TRUE,TRUE,FALSE,TRUE,TRUE,TRUE,FALSE,1990447,10717,576,319
2007,Bud Light,Bud Light Slap,https://www.youtube.com/watch?v=aOfRpCp6Pgw,TRUE,TRUE,FALSE,FALSE,TRUE,FALSE,FALSE,72997,86,30,33
2020,Pepsi,Pepsi | Zero Sugar | SuperBowl Commercials 2020,https://www.youtube.com/watch?v=Ozb_fJB_z6o,FALSE,TRUE,FALSE,TRUE,FALSE,FALSE,FALSE,29219,146,38,29
2019,Hynudai,Ad Meter 2019: Hyundai,https://www.youtube.com/watch?v=6mfJ0EsqLWs,TRUE,FALSE,TRUE,TRUE,FALSE,FALSE,FALSE,38968,216,15,0
2009,Budweiser,Budweiser - Clydesdale Generations Super Bowl XLIII Commercial 2009,https://www.youtube.com/watch?v=ukpnHh4eEeQ,FALSE,TRUE,TRUE,FALSE,FALSE,TRUE,FALSE,302143,527,15,36
2011,Kia,Kia Optima - One Epic Ride,https://www.youtube.com/watch?v=8FMU5yPZgwM,TRUE,TRUE,FALSE,FALSE,TRUE,FALSE,TRUE,36832,200,7,12
2019,Doritos,Doritos Super Bowl commercial with Chance the Rapper & Backstreet Boys,https://www.youtube.com/watch?v=NvIcPAxZ39o,FALSE,TRUE,FALSE,TRUE,FALSE,FALSE,FALSE,41828,683,14,46
2019,Pepsi,Pepsi: More Than OK,https://www.youtube.com/watch?v=64UH1_D95gQ,TRUE,TRUE,FALSE,TRUE,FALSE,FALSE,TRUE,69050,773,37,65
2013,Hynudai,Hyundai Sonata Turbo Super Bowl Commercial 2013,https://www.youtube.com/watch?v=WTf0XGpINJI,TRUE,TRUE,FALSE,FALSE,TRUE,TRUE,FALSE,4302,22,0,2
2019,NFL,Ad Meter 2019: NFL,https://www.youtube.com/watch?v=sl8ooTIMk2w,TRUE,TRUE,FALSE,TRUE,FALSE,FALSE,FALSE,77720,680,15,82
2011,Coca-Cola,Coca-Cola Border SUPER BOWL COMMERCIAL 2011,https://www.youtube.com/watch?v=Aw6-aXMBseo,FALSE,FALSE,FALSE,FALSE,FALSE,FALSE,FALSE,113771,235,8,29
2019,Pepsi,Michael Buble vs Bubly Super Bowl 2019 Commercial,https://www.youtube.com/watch?v=I-_Uh-vZXgo,TRUE,TRUE,FALSE,TRUE,FALSE,FALSE,FALSE,128792,961,15,35
2016,Hynudai,Super Bowl 2016: Hyundai Chase Ad,https://www.youtube.com/watch?v=r_kXSO9Cph0,TRUE,FALSE,FALSE,FALSE,TRUE,TRUE,FALSE,5049,40,3,1
2010,Bud Light,Bud Light Stranded Super Bowl Commercial 2010,https://www.youtube.com/watch?v=zE7wyUmsM0k,TRUE,FALSE,FALSE,FALSE,FALSE,FALSE,FALSE,85454,120,3,24
2000,E-Trade,"E*TRADE - Monkey (2000, USA)",https://www.youtube.com/watch?v=Muyq2kMDFoA,TRUE,TRUE,FALSE,FALSE,FALSE,TRUE,FALSE,9036,51,2,7
2001,Bud Light,Bud Light Commercial from 2001 Otto the Obese Dog,https://www.youtube.com/watch?v=XJEYIR-Cai4,TRUE,TRUE,FALSE,FALSE,FALSE,TRUE,FALSE,2801,9,0,1
2018,Doritos,Doritos Blaze VS Mountain Dew 2018 Super Bowl Commercial - Morgan Freeman,https://www.youtube.com/watch?v=rZh_CbcVe7M,TRUE,TRUE,FALSE,TRUE,FALSE,FALSE,FALSE,23327,333,6,16
2001,Budweiser,2001 Commercial - Budweiser: What Are YOU Doing?,https://www.youtube.com/watch?v=gtmJEt0w1k4,TRUE,TRUE,FALSE,FALSE,FALSE,FALSE,FALSE,50088,151,3,16
2018,Coca-Cola,"Life is Short, Have a Diet Coke   Because I Can Diet Coke",https://www.youtube.com/watch?v=be5DH6jQs38,FALSE,TRUE,FALSE,TRUE,FALSE,FALSE,FALSE,301,2,0,1
2013,Hynudai,Super Bowl 2013 - Hyundai - Epic Playdate,https://www.youtube.com/watch?v=YyKVvAZSAug,FALSE,FALSE,FALSE,FALSE,FALSE,TRUE,FALSE,3667,7,2,1
2004,Pepsi,Super Bowl XXXVIII Commercial - Pepsi Bears,https://www.youtube.com/watch?v=GzWUUZRli6s,TRUE,FALSE,FALSE,FALSE,FALSE,TRUE,FALSE,179695,295,12,37
2018,Kia,2018 Kia Commercial - Steven Tyler Big Game Ad - Feel Something Again,https://www.youtube.com/watch?v=9_dE6Z2HK8I,FALSE,FALSE,FALSE,TRUE,FALSE,FALSE,FALSE,16399,219,3,0
2018,Pepsi,"Pepsi Super Bowl Commercial 2018 Cindy Crawford, Britney Spears",https://www.youtube.com/watch?v=0gHYd67OumQ,FALSE,TRUE,TRUE,TRUE,FALSE,FALSE,FALSE,669906,2849,181,324
2018,NFL,Touchdown Celebrations to Come | NFL | Super Bowl LII Commercial,https://www.youtube.com/watch?v=KUoD-gPDahw,TRUE,TRUE,FALSE,TRUE,FALSE,FALSE,FALSE,3464175,20508,556,1373
2010,E-Trade,[HD] Exclusive E-Trade Baby Tears 2010 SuperBowl 44 XLIV Commercial Ad,https://www.youtube.com/watch?v=LgiYL1Ry2I8,TRUE,TRUE,FALSE,FALSE,FALSE,FALSE,FALSE,14927,19,1,NA
2017,NFL,Inside These Lines,https://www.youtube.com/watch?v=pvKBdrx4quA,FALSE,TRUE,TRUE,TRUE,FALSE,FALSE,FALSE,310443,2215,323,376
2000,E-Trade,"Superbowl (2000) E-Trade: ""Money Out The Wazoo""",https://www.youtube.com/watch?v=oftjwYmlfoA,TRUE,TRUE,FALSE,FALSE,TRUE,FALSE,FALSE,67182,121,4,6
2007,E-Trade,Etrade One Finger Super Bowl XLI Commercial,https://www.youtube.com/watch?v=jaR5-kefxn4,TRUE,FALSE,TRUE,FALSE,FALSE,FALSE,FALSE,97247,97,22,23
2000,Budweiser,WHASSUP GIRLFRIEND - Budweiser Commercial 2000,https://www.youtube.com/watch?v=loimTUjV92Q,TRUE,TRUE,FALSE,FALSE,FALSE,FALSE,FALSE,5264,10,1,1
2013,Doritos,2013 SuperBowl XLVII Doritos Goat 4 Sale Commercial,https://www.youtube.com/watch?v=DoM6IhfY8No,TRUE,TRUE,FALSE,FALSE,FALSE,TRUE,FALSE,576696,2541,94,150
2013,Budweiser,"Budweiser Black Crown ""Coronation"" - 2013 Super Bowl Commercial",https://www.youtube.com/watch?v=AMP9fgyi41M,FALSE,TRUE,FALSE,FALSE,FALSE,FALSE,TRUE,1171,5,2,0
2007,Doritos,Live the Flavor,https://www.youtube.com/watch?v=kNxgxF-7SfA,TRUE,TRUE,FALSE,FALSE,TRUE,FALSE,TRUE,1683994,2508,861,160
2009,Budweiser,Budweiser - Fetch Super Bowl XLIII Commercial 209,https://www.youtube.com/watch?v=w_ZEGUX4YnI,TRUE,TRUE,TRUE,FALSE,FALSE,TRUE,FALSE,49339,67,2,8
2012,E-Trade,Etrade (2012) Fatherhood,https://www.youtube.com/watch?v=fObt1E6Ij_E,TRUE,FALSE,FALSE,FALSE,FALSE,FALSE,FALSE,21,0,0,0
2019,Bud Light,Ad Meter 2019: Bud Light Medieval Barbers,https://www.youtube.com/watch?v=hkSQ2Vr41bM,TRUE,TRUE,FALSE,FALSE,FALSE,FALSE,FALSE,36683,65,117,32
2017,Kia,2017 Kia Niro  “Hero’s Journey” Starring Melissa McCarthy,https://www.youtube.com/watch?v=pVxmT2x3Od4,TRUE,FALSE,FALSE,TRUE,TRUE,TRUE,FALSE,87687,589,22,32
2007,Bud Light,Super Bowl XLI BudLight Hitch Hiker Commercial,https://www.youtube.com/watch?v=qIC90Vnc-OI,TRUE,TRUE,FALSE,FALSE,TRUE,FALSE,FALSE,177497,392,9,28
2011,Bud Light,Bud Light - Dog Sitter - Super Bowl Commercial,https://www.youtube.com/watch?v=JJn1vM7LB1Y,TRUE,TRUE,FALSE,FALSE,FALSE,TRUE,FALSE,350,1,1,0
2016,Pepsi,"Greatest SuperBowl Ads, Pepsi Cola Ad",https://www.youtube.com/watch?v=B9j4Cw5dkBs,FALSE,FALSE,FALSE,TRUE,FALSE,FALSE,FALSE,40818,320,19,13
2009,Hynudai,Bosses,https://www.youtube.com/watch?v=puG0WOgAUfs,TRUE,TRUE,FALSE,FALSE,FALSE,FALSE,FALSE,373684,585,178,118
2011,Coca-Cola,"Coca-Cola ""Siege"" Super Bowl ad",https://www.youtube.com/watch?v=nAJvHsVoLq0,TRUE,FALSE,FALSE,FALSE,TRUE,TRUE,FALSE,87396,53,2,2
2016,Hynudai,Hyundai Super Bowl - Ryanville - All New Elantra,https://www.youtube.com/watch?v=wBcijELzZi4,TRUE,TRUE,FALSE,TRUE,FALSE,TRUE,TRUE,11074,91,5,3
2009,Doritos,Super Bowl XLIII Commercial Doritos Beer Ad Funny Exclusive New Flavor Pitch,https://www.youtube.com/watch?v=qKKpRhFcKBk,TRUE,TRUE,FALSE,FALSE,FALSE,FALSE,FALSE,41379,103,9,7
2010,Doritos,Dorito Ninja Super Bowl Commercial 2010,https://www.youtube.com/watch?v=1ww1k7w4WQ8,TRUE,TRUE,FALSE,FALSE,TRUE,FALSE,FALSE,219464,1136,28,94
2015,Doritos,Middle Seat - Doritos Crash the Super Bowl 2015 WINNER OFFICIAL,https://www.youtube.com/watch?v=2JqRXLQYF9o,TRUE,FALSE,FALSE,FALSE,FALSE,FALSE,TRUE,2319854,2746,203,184
2007,Coca-Cola,"2007 Super Bowl Commercials - Coca Cola, Video Game",https://www.youtube.com/watch?v=3Tnm53uXIvg,FALSE,TRUE,TRUE,FALSE,TRUE,TRUE,FALSE,249186,452,49,75
2019,Toyota,2020 Toyota Supra 2019 Pinball Wizard themed Super Bowl advertisement,https://www.youtube.com/watch?v=ZuBbnZ3UbJw,FALSE,TRUE,FALSE,FALSE,FALSE,FALSE,FALSE,6713,68,5,29
2002,Budweiser,Budweiser Commercial -- How you doin',https://www.youtube.com/watch?v=mhEYXcCB1Qw,TRUE,TRUE,FALSE,FALSE,FALSE,FALSE,FALSE,38574,199,7,8
2014,Coca-Cola,"Coca Cola Super Bowl Commercial 2014 ""Going all the Way""",https://www.youtube.com/watch?v=nO-8ZY7p95o,TRUE,FALSE,FALSE,FALSE,FALSE,FALSE,FALSE,3900,14,3,0
2004,Budweiser,Budweiser Commercial- Referee Training,https://www.youtube.com/watch?v=uO-E2T1hayU,TRUE,FALSE,FALSE,FALSE,FALSE,FALSE,FALSE,327529,803,42,73
2016,Coca-Cola,Hulk vs. Ant-Man - Coca-Cola: Coke Mini,https://www.youtube.com/watch?v=sMkGwCw7iv8,TRUE,TRUE,FALSE,TRUE,TRUE,FALSE,FALSE,6428474,58957,2673,813
2015,Budweiser,Budweiser USA  #BestBuds   2015 Budweiser Clydesdale Beer Run,https://www.youtube.com/watch?v=5tso0er4EUI,TRUE,TRUE,FALSE,FALSE,TRUE,TRUE,FALSE,7621,14,2,0
2016,Hynudai,First Date – Hyundai Super Bowl 2016 Commercial  Kevin Hart,https://www.youtube.com/watch?v=KwUUdl22mkA,TRUE,FALSE,FALSE,TRUE,FALSE,FALSE,FALSE,156718,1243,24,57
2001,Bud Light,Bud Light Funny Pencil Advertisement,https://www.youtube.com/watch?v=J89vbNUzhIE,TRUE,FALSE,FALSE,FALSE,TRUE,FALSE,TRUE,60774,269,10,18
2003,Bud Light,Bud Light - Strongman,https://www.youtube.com/watch?v=_cEQ5g6bzdM,TRUE,TRUE,FALSE,FALSE,TRUE,FALSE,FALSE,3754,18,1,1
2000,Bud Light,Bud Light-03 (elevator),https://www.youtube.com/watch?v=M3IV93HwSkc,TRUE,TRUE,FALSE,FALSE,TRUE,FALSE,FALSE,6641,7,1,1
2018,Coca-Cola,NA,https://www.youtube.com/watch?v=ucCvhK2CZMo,FALSE,TRUE,TRUE,FALSE,FALSE,FALSE,FALSE,NA,NA,NA,NA
2001,Pepsi,Pepsi 90's commercial - SUBWAY,https://www.youtube.com/watch?v=1nmPv4M8Ps8,TRUE,FALSE,FALSE,FALSE,FALSE,FALSE,TRUE,788,4,2,0
2014,Doritos,2014 Doritos Cowboy Kid Super Bowl Commercial,https://www.youtube.com/watch?v=1X_M47SQF6s,TRUE,TRUE,FALSE,FALSE,TRUE,TRUE,FALSE,10929,37,3,5
2016,Budweiser,Budweiser The Best Super Bowl 2016 Commercial  Ad,https://www.youtube.com/watch?v=Le_2S2db0Bk,FALSE,TRUE,FALSE,TRUE,FALSE,FALSE,FALSE,136,0,0,0
2004,Budweiser,Budweiser Donkey,https://www.youtube.com/watch?v=pmmsr7PAhWU,FALSE,TRUE,TRUE,FALSE,FALSE,TRUE,FALSE,1939823,3744,108,279
2015,Budweiser,Budweiser Brewed The Hard Way Commercial,https://www.youtube.com/watch?v=7_EfXuGev24,FALSE,TRUE,TRUE,FALSE,FALSE,TRUE,FALSE,79,0,0,0
2016,Kia,Kia - Beige Socks (Christopher Walken) Super Bowl Commercial,https://www.youtube.com/watch?v=rBkPXt-OpA4,TRUE,FALSE,FALSE,TRUE,FALSE,FALSE,FALSE,14395,86,1,6
2017,Budweiser,Budweiser 2017 Super Bowl Commercial | “Born The Hard Way”,https://www.youtube.com/watch?v=HtBZvl7dIu4,FALSE,FALSE,TRUE,FALSE,TRUE,FALSE,FALSE,28785122,48423,17113,9190
2000,Budweiser,NA,NA,TRUE,FALSE,FALSE,FALSE,FALSE,TRUE,FALSE,NA,NA,NA,NA
2009,Coca-Cola,Heist - Coca-Cola Commercial,https://www.youtube.com/watch?v=icV7fGqPZ2I,FALSE,TRUE,FALSE,FALSE,FALSE,TRUE,FALSE,503550,1490,296,88
2015,Doritos,When Pigs Fly - Doritos Crash the Super Bowl 2015 WINNER OFFICAL,https://www.youtube.com/watch?v=YQo0TfuueaY,TRUE,TRUE,TRUE,FALSE,FALSE,TRUE,FALSE,1274288,2031,149,201
2004,Toyota,Toyota Tacoma Double Cab Girlfriend Commercial,https://www.youtube.com/watch?v=5uLJitPWAXM,TRUE,TRUE,FALSE,FALSE,TRUE,FALSE,FALSE,112297,640,9,52
2016,NFL,“Super Bowl Babies Choir” feat. Seal | Music Video,https://www.youtube.com/watch?v=9KqekigARfE,FALSE,FALSE,TRUE,TRUE,FALSE,FALSE,FALSE,4921309,20690,2015,1828
2017,Hynudai,A Better Super Bowl | NFL Hyundai Super Bowl LI,https://www.youtube.com/watch?v=KpN6fxOorwE,FALSE,FALSE,TRUE,FALSE,FALSE,FALSE,FALSE,907,8,0,1
2012,Bud Light,Bud Light - Rescue Dog,https://www.youtube.com/watch?v=Qr3GJqccGi4,TRUE,TRUE,FALSE,FALSE,FALSE,TRUE,TRUE,14579,42,1,0
2008,Budweiser,Budweiser Clydesdale Team Commercial,https://www.youtube.com/watch?v=odpagg0jV6I,FALSE,TRUE,TRUE,FALSE,FALSE,TRUE,FALSE,110004,300,7,21
2013,Hynudai,2013 Hyundai Santa Fe Big Game Ad : Team (Extended),https://www.youtube.com/watch?v=jvm68nEAU7o,TRUE,TRUE,FALSE,FALSE,TRUE,TRUE,FALSE,114478,1042,11,NA
2010,Doritos,Doritos commercial :casket,https://www.youtube.com/watch?v=2IhJl7mBtls,TRUE,TRUE,FALSE,FALSE,FALSE,FALSE,FALSE,11608,22,0,3
2016,Bud Light,"Super Bowl 50 - Bud Light: ""The Bud Light Party"" (2016)",https://www.youtube.com/watch?v=e0ez2t6oRWY,TRUE,TRUE,TRUE,TRUE,FALSE,TRUE,FALSE,487,NA,NA,2
2019,Toyota,Toyota: RAV4 Hybrid featuring Toni Harris - 2019 Super Bowl Commercial,https://www.youtube.com/watch?v=wegrVsP3gK4,FALSE,TRUE,FALSE,FALSE,FALSE,FALSE,FALSE,4873,32,14,5
2009,Bud Light,2009 Super Bowl Ad Bud Light Office Meeting,https://www.youtube.com/watch?v=L1fL0ZHX2t0,TRUE,TRUE,FALSE,FALSE,TRUE,FALSE,FALSE,54079,171,7,25
2019,Budweiser,NA,NA,FALSE,FALSE,FALSE,FALSE,FALSE,TRUE,FALSE,NA,NA,NA,NA
2003,Bud Light,"Bud Light ""Yoga""",https://www.youtube.com/watch?v=bcV8WN1YIL4,TRUE,TRUE,FALSE,FALSE,FALSE,FALSE,TRUE,147160,53,15,2
2019,Coca-Cola,Commercial Ads 2019 - Coca Cola - A Coke is a Coke - Super Bowl 2019,https://www.youtube.com/watch?v=WTqL_giKNHQ,FALSE,TRUE,TRUE,FALSE,FALSE,TRUE,FALSE,81952,417,56,53
2012,Hynudai,Hyundai Genesis Coupe 2012 commercial,https://www.youtube.com/watch?v=UxQKSCpOIOI,TRUE,TRUE,FALSE,FALSE,TRUE,FALSE,FALSE,1264,2,0,0
2011,Hynudai,Hyundai Elantra - Another version - Hypnotized  Super Bowl spot commercial 2016,https://www.youtube.com/watch?v=5ofcQl6gWeE,TRUE,FALSE,FALSE,FALSE,FALSE,FALSE,FALSE,319,0,0,0
2015,Kia,Kia Sorento Official XLIX Ad with Pierce Brosnan Extended    “The Perfect Getaway”,https://www.youtube.com/watch?v=nayeYTmEdYw,TRUE,TRUE,FALSE,TRUE,TRUE,TRUE,TRUE,81049,74,0,NA
2014,Budweiser,Budweiser Super Bowl XLVIII Commercial – “A Hero’s Welcome”,https://www.youtube.com/watch?v=XxfxB0O9Uuk,FALSE,FALSE,TRUE,FALSE,FALSE,TRUE,FALSE,13141,NA,NA,NA
2007,Bud Light,2007 Budweiser Super Bowl Commercial Rock-Paper-Scissors,https://www.youtube.com/watch?v=kH50-giCeDM,TRUE,TRUE,FALSE,FALSE,TRUE,FALSE,FALSE,218329,309,8,29
2008,Hynudai,Hyundai SuperBowl Commercial: 2008Genesis vs. Mercedes & BMW,https://www.youtube.com/watch?v=PsKJUnGEGSs,FALSE,TRUE,FALSE,FALSE,FALSE,FALSE,FALSE,13312,18,11,24
2010,NFL,NFL - Super Bowl XLIV Best Fans on the Planet (Reggie Bush Slow Motion),https://www.youtube.com/watch?v=6cMHr8goUgU,FALSE,FALSE,TRUE,FALSE,FALSE,FALSE,FALSE,91378,404,14,32
2005,Pepsi,Pepsi iTunes Free Song Promotion (2005),https://www.youtube.com/watch?v=vUwROngDC88,TRUE,TRUE,FALSE,FALSE,FALSE,FALSE,FALSE,111,0,0,0
2018,Budweiser,Budweiser 2018 Super Bowl Commercial  “Stand By You”,https://www.youtube.com/watch?v=GNVw5f16GEM,FALSE,FALSE,TRUE,FALSE,FALSE,FALSE,FALSE,39897,138,8,8
2018,Bud Light,Bud Light Legends - Bud Knight,https://www.youtube.com/watch?v=UizTtcBsNi8,TRUE,TRUE,FALSE,FALSE,TRUE,TRUE,FALSE,33766,144,23,17
2004,Bud Light,Bud Light Sleigh Ride Commercial,https://www.youtube.com/watch?v=yQ_nU0_R7PE,TRUE,FALSE,FALSE,FALSE,TRUE,TRUE,TRUE,88445,118,6,8
2002,Budweiser,Budweiser True Cards,https://www.youtube.com/watch?v=LnU2T2P1oxA,TRUE,FALSE,FALSE,FALSE,FALSE,FALSE,FALSE,13245,49,3,0
2006,Budweiser,"Super Bowl 2006: Budweiser ""The Wave""",https://www.youtube.com/watch?v=4WeAvfP1ikU,TRUE,TRUE,FALSE,FALSE,FALSE,FALSE,FALSE,85274,78,16,10
2014,Bud Light,Bud Light Super Bowl 2014 Commercial - FULL VERSION,https://www.youtube.com/watch?v=PnOW5qj_R6A,FALSE,TRUE,FALSE,TRUE,FALSE,TRUE,TRUE,134186,405,27,29
2009,Coca-Cola,Coca-Cola Avatar,https://www.youtube.com/watch?v=Kwke0LNardc,TRUE,FALSE,FALSE,FALSE,FALSE,TRUE,FALSE,1452877,3511,296,523
2014,Bud Light,NA,NA,TRUE,TRUE,FALSE,TRUE,FALSE,FALSE,TRUE,NA,NA,NA,NA
2003,Bud Light,NA,NA,TRUE,TRUE,FALSE,FALSE,FALSE,FALSE,TRUE,NA,NA,NA,NA
2014,Toyota,Toyota Highlander - Big Game Ad Starring Terry Crews and the Muppets 2014,https://www.youtube.com/watch?v=b01P9PaaoLk,TRUE,TRUE,FALSE,TRUE,FALSE,TRUE,FALSE,25834,140,5,18
2009,Bud Light,Bud Light - Skier Super Bowl XLIII Commercial 2009,https://www.youtube.com/watch?v=LEVQAU_LITI,TRUE,TRUE,FALSE,FALSE,TRUE,FALSE,TRUE,30123,33,2,6
2014,Kia,'The Truth'   Official Kia Quoris Morpheus Big Game Commercial 2014,https://www.youtube.com/watch?v=FTNMYoKHwvU,FALSE,FALSE,FALSE,TRUE,TRUE,FALSE,FALSE,17209,198,2,10
2014,Hynudai,Nice - Hyundai Elantra - Super Bowl Commercial 2014,https://www.youtube.com/watch?v=2jMWybAKjWw,TRUE,TRUE,FALSE,TRUE,TRUE,FALSE,TRUE,1874,20,0,0
2013,Bud Light,Super Bowl XLVII - Bud Light: The Lucky Chair (2013),https://www.youtube.com/watch?v=7HMTkEMdqBQ,TRUE,TRUE,TRUE,TRUE,TRUE,TRUE,TRUE,546,NA,NA,0
2008,Bud Light,Bud Light Wheel Suck Commercial,https://www.youtube.com/watch?v=WX8Du9pusdA,TRUE,TRUE,FALSE,FALSE,FALSE,FALSE,FALSE,598260,755,54,83
2003,Budweiser,Budweiser great listener,https://www.youtube.com/watch?v=zx4SnN9HuRw,TRUE,TRUE,FALSE,FALSE,FALSE,FALSE,FALSE,27378,18,2,0
2013,Bud Light,Super Bowl Ad 2013 Bud Light Journey Stevie Wonder,https://www.youtube.com/watch?v=leptS7k6sLE,TRUE,TRUE,FALSE,TRUE,FALSE,FALSE,FALSE,394,1,0,0
2011,Doritos,Doritos pug attack commercial original,https://www.youtube.com/watch?v=1A6frF5zfDE,TRUE,TRUE,FALSE,FALSE,TRUE,TRUE,FALSE,122388,561,8,25
2005,Bud Light,Bud Light Legends - Skydiver,https://www.youtube.com/watch?v=Y9wyIID8Khs,TRUE,FALSE,FALSE,FALSE,FALSE,FALSE,FALSE,16997,69,3,2
2005,Budweiser,NA,NA,TRUE,FALSE,FALSE,FALSE,FALSE,TRUE,FALSE,NA,NA,NA,NA
2014,Doritos,Doritos Time Machine - Crash the Super Bowl 2014 WINNER OFFICIAL,https://www.youtube.com/watch?v=Y-P0Hs0ADJY,TRUE,TRUE,FALSE,FALSE,FALSE,TRUE,FALSE,7952240,18729,1430,607
2008,Bud Light,Bud Light Wine & Cheese Party Commercial,https://www.youtube.com/watch?v=aEWtTVaIH0M,TRUE,FALSE,FALSE,FALSE,FALSE,FALSE,FALSE,555734,414,58,45
2012,Pepsi,Super Bowl 2012 Commercial: Pepsi - King's Court,https://www.youtube.com/watch?v=3rZs8ZKTsp0,FALSE,TRUE,FALSE,TRUE,FALSE,FALSE,FALSE,582575,1526,138,304
2012,Doritos,Doritos Crash the Superbowl Winner 2012 - Man's Best Friend,https://www.youtube.com/watch?v=kMmd0WaQFGE,TRUE,FALSE,FALSE,FALSE,TRUE,TRUE,FALSE,86928,130,12,6
2012,Toyota,Toyota Camry 2012 Super Bowl Commercial shows Reinvented Possibilities,https://www.youtube.com/watch?v=oYdJKey7VpU,TRUE,TRUE,FALSE,FALSE,TRUE,TRUE,TRUE,116294,1153,13,56
2016,Doritos,NA,https://www.youtube.com/watch?v=Qh_gOK6xDNA,TRUE,TRUE,FALSE,FALSE,FALSE,FALSE,FALSE,NA,NA,NA,NA
2002,Bud Light,Bud Light - Hawk Superbowl XXXVI Commercial,https://www.youtube.com/watch?v=ZBD4dYTpYAU,TRUE,TRUE,FALSE,FALSE,TRUE,TRUE,TRUE,3548,13,0,0
2002,Bud Light,Bud Light Battle Bot commercial,https://www.youtube.com/watch?v=oJvsWvaTr4w,TRUE,FALSE,FALSE,FALSE,TRUE,FALSE,FALSE,63129,178,5,15
2013,E-Trade,E TRADE Baby Super Bowl Commercial  Save It,https://www.youtube.com/watch?v=F0nhq4GO90s,TRUE,TRUE,FALSE,FALSE,FALSE,TRUE,FALSE,139,1,0,NA
2008,Bud Light,Budweiser breath fire superbowl commercial,https://www.youtube.com/watch?v=AhqPl1IKVo4,TRUE,TRUE,FALSE,FALSE,TRUE,TRUE,FALSE,24595,26,3,5
2012,Coca-Cola,Coke Coca Cola Polar Bears Super Bowl Open Happiness Campaign 'Argh' TVC Commercial Advert in 2012,https://www.youtube.com/watch?v=jhvAXT9R_3U,FALSE,TRUE,FALSE,FALSE,FALSE,TRUE,FALSE,15776,63,4,2
2004,Pepsi,Jimi Hendrix Pepsi Vs Coca Cola Commercial,https://www.youtube.com/watch?v=NOOmu1Rz17Y,TRUE,TRUE,FALSE,FALSE,FALSE,FALSE,FALSE,55676,222,9,26
2010,Doritos,"Doritos SuperBowl Commercial - ""Dog Shock Collar""",https://www.youtube.com/watch?v=UBaZDWIs3fs,TRUE,TRUE,FALSE,FALSE,TRUE,TRUE,FALSE,132054,273,18,15
2012,Kia,A Dream Car. For Real Life - 2012 Kia Optima Big Game Full Commercial - Extended Version,https://www.youtube.com/watch?v=9RI6OGXq11Y,TRUE,FALSE,FALSE,TRUE,FALSE,FALSE,TRUE,56257,396,5,42
2012,NFL,NFL Timeline,https://www.youtube.com/watch?v=CPr4-P19NtE,FALSE,TRUE,FALSE,TRUE,FALSE,FALSE,FALSE,403641,1980,42,206
2005,Bud Light,NA,NA,TRUE,TRUE,FALSE,FALSE,FALSE,FALSE,TRUE,NA,NA,NA,NA
2010,Hynudai,[HD] Super Bowl 2010 Commercial with Brett Favre | New Hyundai Super Bowl 44 XLIV Commercial,https://www.youtube.com/watch?v=KqAWv2wCW8I,FALSE,FALSE,FALSE,TRUE,FALSE,FALSE,FALSE,176547,306,11,84
2004,Bud Light,Bud Light Paintball Commercial.avi,https://www.youtube.com/watch?v=qbS0gF3YdBg,TRUE,TRUE,FALSE,FALSE,TRUE,FALSE,FALSE,561,6,0,1
2008,Bud Light,Bud Light Commercial - X-Ray Vision,https://www.youtube.com/watch?v=cOEMI8HRhlA,TRUE,TRUE,FALSE,FALSE,FALSE,FALSE,TRUE,166102,161,10,24
2016,Toyota,NA,https://www.youtube.com/watch?v=KLkQ9c9-QFI,TRUE,FALSE,FALSE,FALSE,TRUE,FALSE,FALSE,NA,NA,NA,NA
2006,Bud Light,Funny Bud Light Commercial Secret Magic Fridge,https://www.youtube.com/watch?v=67dRRrRz2t8,TRUE,TRUE,FALSE,FALSE,FALSE,FALSE,FALSE,95355,328,14,9
2007,Coca-Cola,Coca-Cola Happiness Factory commercial HD,https://www.youtube.com/watch?v=NwZpO6saPxI,FALSE,TRUE,FALSE,FALSE,FALSE,TRUE,FALSE,11311,29,3,1
2007,Budweiser,2014 Super Bowl Commercial Budweiser Dalmatian - 2007 Super Bowl Commercial TVC,https://www.youtube.com/watch?v=esOPYOeotTU,FALSE,FALSE,FALSE,FALSE,TRUE,TRUE,FALSE,48035,47,2,1
2013,Doritos,Fashionista Daddy - Doritos Commercial,https://www.youtube.com/watch?v=w_2k5LMeduc,TRUE,TRUE,FALSE,FALSE,FALSE,FALSE,FALSE,1404745,2491,359,NA
2010,Bud Light,t-pain bud light superbowl 44 commercial hd,https://www.youtube.com/watch?v=bDhjcP02GQg,TRUE,TRUE,FALSE,TRUE,FALSE,FALSE,FALSE,34565,100,6,15
2009,Doritos,Power of the Crunch,https://www.youtube.com/watch?v=7DZao4kN73M,TRUE,TRUE,FALSE,FALSE,TRUE,TRUE,TRUE,640393,1921,215,208
2009,Coca-Cola,Mean Troy - Coke Zero Super Bowl Ad,https://www.youtube.com/watch?v=XKFUcEkIbEg,TRUE,TRUE,FALSE,TRUE,TRUE,FALSE,FALSE,45799,99,7,21
2009,Pepsi,Pepsi Super Bowl 2009 Commercial: Anthem,https://www.youtube.com/watch?v=WIzKwJmYLNs,FALSE,FALSE,TRUE,TRUE,TRUE,FALSE,FALSE,1294,7,0,2
2001,E-Trade,E-Trade Chimp On a Horse TV Commercial,https://www.youtube.com/watch?v=ONZFkqzuMjI,FALSE,FALSE,FALSE,FALSE,TRUE,TRUE,FALSE,103433,167,7,3
2018,Bud Light,Bud Light | Battle Pep Talk Dilly Dilly,https://www.youtube.com/watch?v=xza7T89Lda4,TRUE,TRUE,FALSE,FALSE,TRUE,TRUE,FALSE,41441,224,7,9
2015,Doritos,NA,NA,TRUE,FALSE,FALSE,FALSE,TRUE,FALSE,TRUE,NA,NA,NA,NA
2010,Kia,Kia - Big Game (2010 Super bowl Ad),https://www.youtube.com/watch?v=7q2yVq6fDEg,TRUE,TRUE,FALSE,FALSE,FALSE,TRUE,TRUE,50850,92,4,11
2008,Doritos,"Funny Super Bowl Commercial 2008 - Doritos: ""Mouse Trap""",https://www.youtube.com/watch?v=h8qgk5tXuUA,TRUE,TRUE,FALSE,FALSE,TRUE,FALSE,FALSE,232124,988,31,96
2012,Coca-Cola,"Coke 2012 Commercial - Coca-Cola Open Happiness - ""Superstition""",https://www.youtube.com/watch?v=x1nttVdja9s,FALSE,TRUE,FALSE,FALSE,FALSE,TRUE,FALSE,10925,71,18,3
2011,Hynudai,"Hyundai ""Deprogramming""",https://www.youtube.com/watch?v=32d5c_IW2Xc,FALSE,FALSE,FALSE,FALSE,FALSE,TRUE,FALSE,92,1,0,0
2008,Coca-Cola,Coca-Cola: Political Parties (Super Bowl 42 Commercial),https://www.youtube.com/watch?v=2_LWZe2BGaE,TRUE,TRUE,TRUE,TRUE,FALSE,FALSE,FALSE,14267,36,2,7
2000,Bud Light,NA,NA,TRUE,FALSE,FALSE,FALSE,TRUE,TRUE,TRUE,NA,NA,NA,NA
2019,Kia,2019 Super Bowl Kia Telluride,https://www.youtube.com/watch?v=sS8dkRhDirY,FALSE,FALSE,TRUE,FALSE,FALSE,TRUE,FALSE,1460,NA,NA,NA
2002,Bud Light,Bud Light - Satin Sheets,https://www.youtube.com/watch?v=-LwSb4cCAnw,TRUE,FALSE,FALSE,FALSE,TRUE,FALSE,TRUE,67452,270,15,7
2013,Kia,"KIA SORENTO ""SPACE BABIES""",https://www.youtube.com/watch?v=k5vbGQb7jR0,TRUE,FALSE,FALSE,FALSE,FALSE,TRUE,TRUE,10338,39,2,1
2008,Pepsi,Justin Timberlake Pepsi Ad,https://www.youtube.com/watch?v=AKKM8sP24BE,TRUE,FALSE,FALSE,TRUE,TRUE,FALSE,TRUE,236941,594,14,65
2019,Bud Light,NA,https://www.youtube.com/watch?v=eIlX0Gg0GRI,TRUE,TRUE,FALSE,FALSE,TRUE,FALSE,FALSE,NA,NA,NA,NA
2011,Hynudai,Hyundai - Anachronistic City.mp4,https://www.youtube.com/watch?v=-BVMOKtawUk,FALSE,FALSE,FALSE,FALSE,FALSE,FALSE,FALSE,56,0,0,0
2008,Bud Light,Bud Light Language of Love Commercial,https://www.youtube.com/watch?v=Ao0x4zsb724,TRUE,TRUE,TRUE,TRUE,FALSE,FALSE,TRUE,729583,588,180,119
2008,Bud Light,Bud Light Jackie Moon TV Commercial,https://www.youtube.com/watch?v=ecqiZn2DDFQ,TRUE,TRUE,FALSE,TRUE,FALSE,FALSE,TRUE,1060001,1384,121,180
2010,E-Trade,E-Trade Baby Girlfriend Super Bowl Commercial 2010,https://www.youtube.com/watch?v=tbLTl7egwlU,TRUE,TRUE,FALSE,FALSE,FALSE,FALSE,TRUE,1046640,1206,58,204
2013,Budweiser,Budweiser Black Crown - Celebration - Super Bowl 2013 Ads,https://www.youtube.com/watch?v=2WNvlXoDs7w,FALSE,TRUE,FALSE,FALSE,FALSE,FALSE,TRUE,236,1,0,0
2001,Pepsi,funny pepsi commercial,https://www.youtube.com/watch?v=MwfL-DkL1Vg,TRUE,TRUE,FALSE,FALSE,FALSE,FALSE,TRUE,65162,109,4,38
2018,Coca-Cola,"Diet Coke Twisted Mango Super Bowl 2018 TV Commercial, 'Groove' Ft  Hayley Magnus",https://www.youtube.com/watch?v=nkGd47iB-wU,FALSE,TRUE,FALSE,FALSE,FALSE,FALSE,TRUE,179,1,0,0
2003,Bud Light,Bud Light commercial - upside down clown,https://www.youtube.com/watch?v=DTvxyDwP2CA,TRUE,TRUE,FALSE,FALSE,FALSE,FALSE,FALSE,177285,229,10,32
2011,Pepsi,PEPSI MAX - LOVE HURTS,https://www.youtube.com/watch?v=r4eyQBvcBUA,TRUE,TRUE,FALSE,FALSE,TRUE,FALSE,TRUE,204026,476,159,9
2018,E-Trade,"ETrade ""This Is Getting Old"" 2018 Super Bowl Commercial",https://www.youtube.com/watch?v=Qx5-AZlfjp4,TRUE,FALSE,TRUE,FALSE,FALSE,FALSE,TRUE,34440,178,11,15
2016,Budweiser,"Super Bowl 50 - Budweiser: ""Not Backing Down"" (2016)",https://www.youtube.com/watch?v=to4dhysGYD0,FALSE,TRUE,TRUE,FALSE,FALSE,TRUE,FALSE,6432,NA,NA,2
2008,Coca-Cola,"Coca Cola ""It's Mine"" Super Bowl commercial",https://www.youtube.com/watch?v=-ACk9mRky5k,TRUE,TRUE,FALSE,TRUE,TRUE,TRUE,FALSE,62538,217,4,29
2013,Kia,"Kia 'Hot Bots' - 2014 Kia Forte Super Bowl XLVII Car Ad (HD) ""Respect the tech"" - Official TV Spot",https://www.youtube.com/watch?v=yhPBzlB6VJI,TRUE,TRUE,FALSE,FALSE,TRUE,FALSE,TRUE,28847,154,10,30
2014,Coca-Cola,"Coca Cola Super Bowl Commercial 2014 ""Its Beautiful"" HD 720p",https://www.youtube.com/watch?v=D4BC8zUfNhU,FALSE,TRUE,TRUE,FALSE,FALSE,TRUE,FALSE,92878,450,88,139
2012,Budweiser,Budweiser Return of the King 2012 Super Bowl commercial,https://www.youtube.com/watch?v=TieDNumMwOc,FALSE,TRUE,TRUE,FALSE,FALSE,TRUE,FALSE,10,0,0,0
2004,Bud Light,Bud Light Ad   Fergus Bud Light Bad dog!,https://www.youtube.com/watch?v=j7QA9oHpduk,TRUE,TRUE,FALSE,FALSE,TRUE,TRUE,FALSE,5699,27,1,0
2007,Bud Light,Super Bowl XLI Commercial -Bud Light Starring: Carlos Mencia,https://www.youtube.com/watch?v=670X2MCWzK0,TRUE,TRUE,FALSE,TRUE,FALSE,FALSE,FALSE,955616,1301,134,194
2007,Budweiser,Universal Casting Budweiser Commercial,https://www.youtube.com/watch?v=YnGpb8lbPOI,FALSE,FALSE,FALSE,TRUE,FALSE,FALSE,FALSE,186,0,0,0
2019,Kia,Commercial Ads 2019 - KIA - The Great Unknowns – What If?,https://www.youtube.com/watch?v=nONhop0Kq-E,FALSE,FALSE,TRUE,FALSE,FALSE,FALSE,FALSE,518,2,1,0
2002,Budweiser,NA,NA,TRUE,TRUE,FALSE,FALSE,FALSE,FALSE,TRUE,NA,NA,NA,NA
2010,E-Trade,NA,https://www.youtube.com/watch?v=tVrE5-eiSNA,TRUE,FALSE,FALSE,FALSE,FALSE,FALSE,FALSE,NA,NA,NA,NA
2003,Bud Light,Bud Light Commercial-Mother-in-Law,https://www.youtube.com/watch?v=RuIXFuwLb2s,TRUE,TRUE,FALSE,FALSE,FALSE,FALSE,FALSE,175482,268,15,32
2018,Toyota,Toyota Super Bowl 2018 Commercial (one team),https://www.youtube.com/watch?v=QwF3ipuNyfc,TRUE,TRUE,TRUE,FALSE,FALSE,FALSE,FALSE,353513,1448,222,231
2003,Budweiser,"Budweiser ""Instant Replay"" 2003",https://www.youtube.com/watch?v=hM79LTkT7ek,TRUE,TRUE,FALSE,FALSE,FALSE,TRUE,FALSE,2732,8,0,1
2013,Budweiser,"The Clydesdales ""Brotherhood"" - 2013 Budweiser Super Bowl  [Commercial]",https://www.youtube.com/watch?v=eJucRz8kYo0,FALSE,TRUE,FALSE,FALSE,FALSE,TRUE,FALSE,246619,2225,64,67
2010,Budweiser,Budweiser - Body Bridge (2010) [HD],https://www.youtube.com/watch?v=IQHlA9qKJv4,TRUE,TRUE,TRUE,FALSE,FALSE,TRUE,FALSE,42,1,0,0
2003,Bud Light,Budweiser - No dogs allowed,https://www.youtube.com/watch?v=BKexURCYxtk,TRUE,TRUE,FALSE,FALSE,FALSE,TRUE,FALSE,16083,60,3,1
2002,E-Trade,"E*TRADE Financial - Monkey Musical (2002, USA)",https://www.youtube.com/watch?v=SK1i1iyE7RA,TRUE,TRUE,FALSE,FALSE,FALSE,TRUE,TRUE,1361,9,0,0
2006,Budweiser,"Super Bowl 2006: Bud Light ""On the Roof""",https://www.youtube.com/watch?v=q05QIp5qbnY,TRUE,TRUE,FALSE,FALSE,TRUE,FALSE,FALSE,120196,167,15,10
2012,Coca-Cola,"Coke 2012 Commercial: ""Catch"" starring NE_Bear",https://www.youtube.com/watch?v=S2nBBMbjS8w,FALSE,TRUE,FALSE,FALSE,TRUE,TRUE,FALSE,22849816,92333,42386,592
2019,Bud Light,Bud Light When the Trojan horse goes wrong Commercial,https://www.youtube.com/watch?v=nScg3KmA_6k,TRUE,TRUE,FALSE,FALSE,FALSE,FALSE,FALSE,125,2,0,0
2007,Toyota,Toyota Tundra See Saw,https://www.youtube.com/watch?v=D81uh6I-2Q4,FALSE,TRUE,FALSE,FALSE,FALSE,FALSE,FALSE,286010,221,62,114
2014,Hynudai,Cool Hyundai Super Bowl Commercial (2014) Dad's Sixth Sense - Hyundai Genesis,https://www.youtube.com/watch?v=CyK63f0I1P0,TRUE,FALSE,FALSE,FALSE,TRUE,FALSE,TRUE,32557,202,7,5
2006,Pepsi,Jackie Chan Diet Pepsi Ad,https://www.youtube.com/watch?v=sx0i7WgBOvs,TRUE,TRUE,FALSE,TRUE,TRUE,FALSE,FALSE,69440,70,7,11
2006,Pepsi,Brown & Bubbly,https://www.youtube.com/watch?v=d8f-PiELHls,TRUE,TRUE,FALSE,TRUE,FALSE,FALSE,TRUE,6430,45,0,10
2015,Pepsi,Pepsi Super Bowl 2015  Halftime Touches Down Official   Hyped for Halftime   Pepsi,https://www.youtube.com/watch?v=IUU_ygKs3jA,FALSE,TRUE,FALSE,FALSE,FALSE,TRUE,FALSE,998,3,0,0
2012,Bud Light,Bud Light Platinum - Factory 2012 Super Bowl Commercial,https://www.youtube.com/watch?v=3LPLXuHlOCI,FALSE,TRUE,FALSE,FALSE,FALSE,FALSE,FALSE,21314,29,5,14
2009,Doritos,Super Bowl 2009 Ad - Doritos Crystal Ball,https://www.youtube.com/watch?v=Fdz0Q0GiEcc,TRUE,TRUE,FALSE,FALSE,TRUE,FALSE,FALSE,20130,46,6,4
2006,Budweiser,Budweiser 'Lamb Streaker',https://www.youtube.com/watch?v=Zb3fhsfs6ZU,TRUE,FALSE,FALSE,FALSE,FALSE,TRUE,TRUE,746836,2179,78,95
2014,Bud Light,Cool Twist   2014 Super Bowl XLVIII Commercial  Bud Light,https://www.youtube.com/watch?v=_l1nWWiut0I,FALSE,TRUE,FALSE,FALSE,FALSE,FALSE,FALSE,9649,32,2,1
2005,Pepsi,Pepsi Truck Commercial,https://www.youtube.com/watch?v=eXfNnSOOoVc,TRUE,TRUE,FALSE,TRUE,FALSE,FALSE,TRUE,43983,93,5,13
2005,Bud Light,Bud Lighta Cedric a Island Fantasy 2005,https://www.youtube.com/watch?v=Q5Hu_FBUIsk,TRUE,TRUE,FALSE,TRUE,FALSE,TRUE,TRUE,3183,4,0,1
2005,Bud Light,Bud Lighta Cedric a Island Fantasy 2005,https://www.youtube.com/watch?v=Q5Hu_FBUIsk,TRUE,TRUE,FALSE,TRUE,FALSE,TRUE,TRUE,3183,4,0,1
2005,Bud Light,Bud Lighta Cedric a Island Fantasy 2005,https://www.youtube.com/watch?v=Q5Hu_FBUIsk,TRUE,TRUE,FALSE,TRUE,FALSE,TRUE,TRUE,3183,4,0,1
2005,Bud Light,Bud Lighta Cedric a Island Fantasy 2005,https://www.youtube.com/watch?v=Q5Hu_FBUIsk,TRUE,TRUE,FALSE,TRUE,FALSE,TRUE,TRUE,3183,4,0,1
2007,Bud Light,"2007 Super Bowl Commercials   Bud Light, Apes",https://www.youtube.com/watch?v=osn2rzClKh0,TRUE,TRUE,FALSE,FALSE,FALSE,TRUE,FALSE,162,0,0,0
2005,Pepsi,"Diet Pepsi - Guy Watcher (with Carson and Cindy, 2005)",https://www.youtube.com/watch?v=bHY2miRSwh4,TRUE,FALSE,FALSE,TRUE,FALSE,FALSE,TRUE,293,3,0,0
2015,Budweiser,2015 Budweiser Super Bowl XLIX Commercial Lost Dog Puppy BestBuds  TV Ad Spot,https://www.youtube.com/watch?v=otCxSnu_HXA,FALSE,TRUE,TRUE,FALSE,TRUE,TRUE,FALSE,491630,2327,37,104
2019,Bud Light,Game of Thrones X Bud Light | Official Super Bowl LIII Ad | Extended Version | HBO,https://www.youtube.com/watch?v=8fhOItB0zUM,TRUE,TRUE,FALSE,FALSE,TRUE,TRUE,FALSE,7658201,94799,12789,7431
2004,Bud Light,Bud Light: Spa,https://www.youtube.com/watch?v=gWqR28uRxXw,TRUE,TRUE,FALSE,TRUE,FALSE,FALSE,TRUE,39730,37,1,1
2003,Budweiser,Budweiser Ad Spot: Roommate,https://www.youtube.com/watch?v=R67qcUIbFhs,TRUE,FALSE,FALSE,FALSE,FALSE,FALSE,TRUE,21813,10,0,0
2009,E-Trade,ETRADE BABY Superbowl 43 XLIII Commercial,https://www.youtube.com/watch?v=PlqWRADszb0,TRUE,TRUE,FALSE,FALSE,FALSE,FALSE,FALSE,358142,763,24,51
2013,Pepsi,Pepsi Super Bowl Commercial TV AD 2013 Party HD,https://www.youtube.com/watch?v=WAySopBmbtI,TRUE,FALSE,FALSE,FALSE,FALSE,FALSE,TRUE,987,2,0,0
2004,Budweiser,Budweiser Dale Earnhardt Jr Forgotten Lipstick Commercial,https://www.youtube.com/watch?v=zM4rU4jit5k,TRUE,FALSE,FALSE,TRUE,FALSE,TRUE,TRUE,88458,351,6,30
2009,Hynudai,Hyundai Assurance Super Bowl Ad [HQ],https://www.youtube.com/watch?v=lzQ2NeqjYS0,FALSE,TRUE,FALSE,FALSE,FALSE,FALSE,FALSE,7253,6,1,0
2014,Budweiser,"Budweiser Puppy Commercial - Budweiser super bowl commercial 2014 ""Puppy love"" [EXTENDED]",https://www.youtube.com/watch?v=gUGGepL5gGU,FALSE,FALSE,TRUE,FALSE,FALSE,TRUE,FALSE,81183,232,38,10
2003,Pepsi,Pepsi Twist Commercial (Feat. Osmonds & Osbournes),https://www.youtube.com/watch?v=dnHEqQGl0yA,TRUE,TRUE,FALSE,TRUE,FALSE,FALSE,FALSE,35779,NA,NA,NA
2015,Coca-Cola,Coca-Cola: 'Make It Happy',https://www.youtube.com/watch?v=1AeG8tCzTGw,FALSE,FALSE,FALSE,FALSE,FALSE,FALSE,FALSE,48617,331,18,42
2003,NFL,NFL- Crazy,https://www.youtube.com/watch?v=Bs0Iwwl-5Lk,FALSE,FALSE,FALSE,TRUE,FALSE,FALSE,FALSE,18670,42,1,4
2012,Doritos,Doritos Sling Baby,https://www.youtube.com/watch?v=6SWNLDdnz0A,TRUE,TRUE,FALSE,FALSE,FALSE,FALSE,FALSE,176373378,275362,92990,1234
2002,Pepsi,Britney Spears - Pepsi Now and Then Commercial [HD Master],https://www.youtube.com/watch?v=TG4giyL-4Sk,FALSE,TRUE,FALSE,TRUE,FALSE,FALSE,TRUE,385777,5929,73,261
2002,Bud Light,Bud Light - Cedric the entertainer Superbowl XXXVI Commercial 2002,https://www.youtube.com/watch?v=OfLLLnAngZI,TRUE,TRUE,FALSE,TRUE,TRUE,FALSE,TRUE,4641,19,0,2
2000,Budweiser,budweiser wassup commercial,https://www.youtube.com/watch?v=JJmqCKtJnxM,TRUE,TRUE,FALSE,FALSE,FALSE,FALSE,FALSE,3624622,24840,521,1498
2001,Bud Light,Bud Light - Cedric Date,https://www.youtube.com/watch?v=h-HHbtwX5vY,TRUE,FALSE,FALSE,TRUE,FALSE,FALSE,TRUE,998,3,0,0
2013,Hynudai,2013 Hyundai Genesis Super Bowl 2013 Commercial 'Excited',https://www.youtube.com/watch?v=mOatp4Xi7IU,FALSE,TRUE,FALSE,FALSE,FALSE,FALSE,FALSE,1190,5,0,0
2015,Toyota,New Toyota Camry - My Bold Dad | Commercial USA 2015,https://www.youtube.com/watch?v=9u4--TxE2gI,FALSE,TRUE,TRUE,FALSE,FALSE,FALSE,FALSE,32091,266,6,15
2000,Budweiser,Super Bowl XXXIV Commercial. Budweiser. The Dog Star.,https://www.youtube.com/watch?v=GgXsLHifz9k,TRUE,FALSE,FALSE,FALSE,TRUE,TRUE,FALSE,111442,163,5,8
2001,Doritos,Dorrito's featuring Ali Landry Television Commercial 2001 Tennis,https://www.youtube.com/watch?v=xbrvsJZSxok,TRUE,TRUE,FALSE,TRUE,FALSE,FALSE,TRUE,2985,15,0,1
2016,Doritos,Doritos Dogs - Crash the Super Bowl 2016 WINNER OFFICIAL,https://www.youtube.com/watch?v=MNRAdrB9TSs,TRUE,TRUE,FALSE,FALSE,FALSE,TRUE,FALSE,1214968,2534,60,226
2008,Bud Light,"New Super Bowl Commercial 2008 -  Bud Light: ""Ability to Fly",https://www.youtube.com/watch?v=-axbiEJiRGw,TRUE,TRUE,FALSE,FALSE,FALSE,FALSE,FALSE,9335,12,1,1
2007,Doritos,2007 Super Bowl Commercial Doritos Checkout Girl,https://www.youtube.com/watch?v=nIcFZzdXSrU,TRUE,TRUE,FALSE,FALSE,FALSE,FALSE,TRUE,292010,244,74,52
2001,NFL,NA,NA,FALSE,FALSE,FALSE,TRUE,FALSE,FALSE,FALSE,NA,NA,NA,NA
2001,Pepsi,Pepsi - Bob Dole Super Bowl XXXV 2001,https://www.youtube.com/watch?v=6h7wifUL8mk,TRUE,FALSE,TRUE,TRUE,FALSE,TRUE,TRUE,12106,10,1,1
2014,NFL,NA,NA,FALSE,TRUE,FALSE,FALSE,FALSE,FALSE,FALSE,NA,NA,NA,NA
2012,Budweiser,"The Cult "" She Sells Sanctuary"" - Budweiser: 'Eternal Optimism' Ad",https://www.youtube.com/watch?v=_GeiOdHsW_8,FALSE,TRUE,TRUE,FALSE,FALSE,TRUE,TRUE,220292,572,100,271
2001,Pepsi,Pepsi - Chessmaster Garry Kasparov Super Bowl XXXV 2001,https://www.youtube.com/watch?v=pldGc0Cpf84,TRUE,FALSE,FALSE,TRUE,TRUE,FALSE,FALSE,1475,14,0,2
2001,E-Trade,ETrade Commercial - Matrix,https://www.youtube.com/watch?v=39BL7iqe6pQ,TRUE,FALSE,FALSE,FALSE,TRUE,FALSE,FALSE,6513,12,4,3
2001,Budweiser,NSync - Budweiser Commercial,https://www.youtube.com/watch?v=H9YdunAo3Ug,FALSE,FALSE,FALSE,TRUE,FALSE,FALSE,FALSE,77142,334,4,71